class,threshold,recall,precision
benign,0.0004003141,1.0000000000,0.5593220339
benign,0.0007517950,1.0000000000,0.5641025641
benign,0.0009106604,1.0000000000,0.5689655172
benign,0.0009940311,1.0000000000,0.5739130435
benign,0.0015374636,1.0000000000,0.5789473684
benign,0.0035840380,1.0000000000,0.5840707965
benign,0.0043946812,1.0000000000,0.5892857143
benign,0.0047103809,1.0000000000,0.5945945946
benign,0.0048536952,1.0000000000,0.6000000000
benign,0.0058680428,1.0000000000,0.6055045872
benign,0.0072062360,1.0000000000,0.6111111111
benign,0.0080081858,1.0000000000,0.6168224299
benign,0.0088235987,1.0000000000,0.6226415094
benign,0.0145469764,1.0000000000,0.6285714286
benign,0.0164426807,1.0000000000,0.6346153846
benign,0.0168777965,1.0000000000,0.6407766990
benign,0.0173196029,1.0000000000,0.6470588235
benign,0.0212923251,1.0000000000,0.6534653465
benign,0.0256078709,1.0000000000,0.6600000000
benign,0.0264381375,1.0000000000,0.6666666667
benign,0.0298232660,1.0000000000,0.6734693878
benign,0.0401903987,1.0000000000,0.6804123711
benign,0.0403899178,1.0000000000,0.6875000000
benign,0.0411033742,1.0000000000,0.6947368421
benign,0.0452112071,1.0000000000,0.7021276596
benign,0.0452264249,1.0000000000,0.7096774194
benign,0.0454070121,1.0000000000,0.7173913043
benign,0.0502959564,1.0000000000,0.7252747253
benign,0.0519937985,1.0000000000,0.7333333333
benign,0.0608604066,1.0000000000,0.7415730337
benign,0.0610112213,1.0000000000,0.7500000000
benign,0.0684757233,1.0000000000,0.7586206897
benign,0.0898395404,1.0000000000,0.7674418605
benign,0.0924707502,1.0000000000,0.7764705882
benign,0.0991922989,1.0000000000,0.7857142857
benign,0.1078246236,1.0000000000,0.7951807229
benign,0.1088282242,1.0000000000,0.8048780488
benign,0.1108196080,1.0000000000,0.8148148148
benign,0.1206283346,1.0000000000,0.8250000000
benign,0.1304749101,1.0000000000,0.8354430380
benign,0.1455081403,1.0000000000,0.8461538462
benign,0.1481296718,0.9848484848,0.8441558442
benign,0.1862310469,0.9848484848,0.8552631579
benign,0.2008362263,0.9848484848,0.8666666667
benign,0.3044566512,0.9848484848,0.8783783784
benign,0.3102647960,0.9848484848,0.8904109589
benign,0.3232390583,0.9848484848,0.9027777778
benign,0.3679390848,0.9848484848,0.9154929577
benign,0.4182640910,0.9696969697,0.9142857143
benign,0.4789704680,0.9696969697,0.9275362319
benign,0.5504791737,0.9545454545,0.9264705882
benign,0.6026589870,0.9545454545,0.9402985075
benign,0.6374062300,0.9393939394,0.9393939394
benign,0.7169244885,0.9242424242,0.9384615385
benign,0.7340630889,0.9242424242,0.9531250000
benign,0.7354444861,0.9090909091,0.9523809524
benign,0.7681155801,0.8939393939,0.9516129032
benign,0.7721226215,0.8787878788,0.9508196721
benign,0.7824022770,0.8636363636,0.9500000000
benign,0.7868024707,0.8636363636,0.9661016949
benign,0.7904502153,0.8484848485,0.9655172414
benign,0.7910608053,0.8333333333,0.9649122807
benign,0.8016973734,0.8181818182,0.9642857143
benign,0.8112474680,0.8030303030,0.9636363636
benign,0.8118525743,0.7878787879,0.9629629630
benign,0.8251905441,0.7727272727,0.9622641509
benign,0.8291314244,0.7575757576,0.9615384615
benign,0.8312349916,0.7424242424,0.9607843137
benign,0.8372049928,0.7272727273,0.9600000000
benign,0.8497292399,0.7121212121,0.9591836735
benign,0.8593761921,0.6969696970,0.9583333333
benign,0.8596177101,0.6818181818,0.9574468085
benign,0.8663022518,0.6818181818,0.9782608696
benign,0.8702984452,0.6666666667,0.9777777778
benign,0.8730078936,0.6515151515,0.9772727273
benign,0.8735089898,0.6363636364,0.9767441860
benign,0.8737829328,0.6212121212,0.9761904762
benign,0.8875175118,0.6060606061,0.9756097561
benign,0.8885365725,0.5909090909,0.9750000000
benign,0.8887199163,0.5757575758,0.9743589744
benign,0.8921339512,0.5606060606,0.9736842105
benign,0.8938017488,0.5454545455,0.9729729730
benign,0.8942491412,0.5303030303,0.9722222222
benign,0.8957710266,0.5151515152,0.9714285714
benign,0.9038235545,0.5000000000,0.9705882353
benign,0.9045779109,0.4848484848,0.9696969697
benign,0.9104966521,0.4696969697,0.9687500000
benign,0.9127666950,0.4545454545,0.9677419355
benign,0.9184253812,0.4393939394,0.9666666667
benign,0.9189184308,0.4242424242,0.9655172414
benign,0.9219896197,0.4090909091,0.9642857143
benign,0.9239655137,0.3939393939,0.9629629630
benign,0.9239820242,0.3787878788,0.9615384615
benign,0.9241449833,0.3636363636,0.9600000000
benign,0.9286995530,0.3484848485,0.9583333333
benign,0.9296714664,0.3333333333,0.9565217391
benign,0.9306844473,0.3181818182,0.9545454545
benign,0.9317674041,0.3181818182,1.0000000000
benign,0.9323149323,0.3030303030,1.0000000000
benign,0.9358947277,0.2878787879,1.0000000000
benign,0.9363265038,0.2727272727,1.0000000000
benign,0.9454619288,0.2575757576,1.0000000000
benign,0.9488612413,0.2424242424,1.0000000000
benign,0.9490114450,0.2272727273,1.0000000000
benign,0.9505946636,0.2121212121,1.0000000000
benign,0.9518822432,0.1969696970,1.0000000000
benign,0.9534423351,0.1818181818,1.0000000000
benign,0.9571624398,0.1666666667,1.0000000000
benign,0.9594310522,0.1515151515,1.0000000000
benign,0.9597774148,0.1363636364,1.0000000000
benign,0.9612362981,0.1212121212,1.0000000000
benign,0.9650649428,0.1060606061,1.0000000000
benign,0.9661912918,0.0909090909,1.0000000000
benign,0.9676988721,0.0757575758,1.0000000000
benign,0.9682517648,0.0606060606,1.0000000000
benign,0.9698202014,0.0454545455,1.0000000000
benign,0.9751571417,0.0303030303,1.0000000000
benign,0.9795376658,0.0151515152,1.0000000000
benign,,0.0000000000,1.0000000000
malignant,0.0175158009,1.0000000000,0.2711864407
malignant,0.0203506444,1.0000000000,0.2735042735
malignant,0.0246952139,1.0000000000,0.2758620690
malignant,0.0300448593,1.0000000000,0.2782608696
malignant,0.0306427721,1.0000000000,0.2807017544
malignant,0.0316251852,1.0000000000,0.2831858407
malignant,0.0320463553,1.0000000000,0.2857142857
malignant,0.0333741233,1.0000000000,0.2882882883
malignant,0.0338752270,1.0000000000,0.2909090909
malignant,0.0383788720,1.0000000000,0.2935779817
malignant,0.0393491052,1.0000000000,0.2962962963
malignant,0.0398301147,1.0000000000,0.2990654206
malignant,0.0418426543,1.0000000000,0.3018867925
malignant,0.0464048460,1.0000000000,0.3047619048
malignant,0.0468340293,1.0000000000,0.3076923077
malignant,0.0488928594,1.0000000000,0.3106796117
malignant,0.0494916402,1.0000000000,0.3137254902
malignant,0.0506993756,1.0000000000,0.3168316832
malignant,0.0509088039,1.0000000000,0.3200000000
malignant,0.0543489195,1.0000000000,0.3232323232
malignant,0.0628733486,1.0000000000,0.3265306122
malignant,0.0639124364,1.0000000000,0.3298969072
malignant,0.0668987930,1.0000000000,0.3333333333
malignant,0.0671559274,1.0000000000,0.3368421053
malignant,0.0681999102,1.0000000000,0.3404255319
malignant,0.0689660832,1.0000000000,0.3440860215
malignant,0.0699091107,0.9687500000,0.3369565217
malignant,0.0710045621,0.9687500000,0.3406593407
malignant,0.0731271431,0.9687500000,0.3444444444
malignant,0.0736950934,0.9687500000,0.3483146067
malignant,0.0751051605,0.9687500000,0.3522727273
malignant,0.0751597136,0.9687500000,0.3563218391
malignant,0.0806521773,0.9687500000,0.3604651163
malignant,0.0808625445,0.9687500000,0.3647058824
malignant,0.0852442160,0.9687500000,0.3690476190
malignant,0.0862986147,0.9687500000,0.3734939759
malignant,0.0868720412,0.9687500000,0.3780487805
malignant,0.0868983418,0.9687500000,0.3827160494
malignant,0.0937684774,0.9687500000,0.3875000000
malignant,0.0937890187,0.9687500000,0.3924050633
malignant,0.0998010486,0.9687500000,0.3974358974
malignant,0.1015102193,0.9687500000,0.4025974026
malignant,0.1054524854,0.9687500000,0.4078947368
malignant,0.1056293547,0.9687500000,0.4133333333
malignant,0.1077062488,0.9687500000,0.4189189189
malignant,0.1077848151,0.9687500000,0.4246575342
malignant,0.1100350842,0.9687500000,0.4305555556
malignant,0.1102173850,0.9687500000,0.4366197183
malignant,0.1113988385,0.9687500000,0.4428571429
malignant,0.1130228266,0.9687500000,0.4492753623
malignant,0.1141030639,0.9687500000,0.4558823529
malignant,0.1255692244,0.9687500000,0.4626865672
malignant,0.1257316172,0.9687500000,0.4696969697
malignant,0.1263373941,0.9687500000,0.4769230769
malignant,0.1283063591,0.9687500000,0.4843750000
malignant,0.1317683309,0.9687500000,0.4920634921
malignant,0.1334683895,0.9687500000,0.5000000000
malignant,0.1397891939,0.9687500000,0.5081967213
malignant,0.1401523799,0.9375000000,0.5000000000
malignant,0.1496786177,0.9375000000,0.5084745763
malignant,0.1529579163,0.9375000000,0.5172413793
malignant,0.1539999694,0.9375000000,0.5263157895
malignant,0.1552824676,0.9375000000,0.5357142857
malignant,0.1655881405,0.9375000000,0.5454545455
malignant,0.1674177349,0.9375000000,0.5555555556
malignant,0.1700617969,0.9375000000,0.5660377358
malignant,0.1719847322,0.9375000000,0.5769230769
malignant,0.1869589388,0.9375000000,0.5882352941
malignant,0.1972616613,0.9375000000,0.6000000000
malignant,0.1981264204,0.9375000000,0.6122448980
malignant,0.2012041360,0.9375000000,0.6250000000
malignant,0.2072713673,0.9375000000,0.6382978723
malignant,0.2082187086,0.9375000000,0.6521739130
malignant,0.2118022293,0.9375000000,0.6666666667
malignant,0.2172284126,0.9375000000,0.6818181818
malignant,0.2218239456,0.9062500000,0.6744186047
malignant,0.2271196395,0.9062500000,0.6904761905
malignant,0.2302730381,0.9062500000,0.7073170732
malignant,0.2541853189,0.9062500000,0.7250000000
malignant,0.2567289174,0.9062500000,0.7435897436
malignant,0.2611029744,0.9062500000,0.7631578947
malignant,0.2648597360,0.9062500000,0.7837837838
malignant,0.2822936177,0.9062500000,0.8055555556
malignant,0.3457388282,0.8750000000,0.8000000000
malignant,0.3604679108,0.8750000000,0.8235294118
malignant,0.3612231612,0.8750000000,0.8484848485
malignant,0.3958818614,0.8750000000,0.8750000000
malignant,0.4486079514,0.8750000000,0.9032258065
malignant,0.5188548565,0.8437500000,0.9000000000
malignant,0.5810226798,0.8437500000,0.9310344828
malignant,0.6311385036,0.8125000000,0.9285714286
malignant,0.6752511859,0.8125000000,0.9629629630
malignant,0.6862295270,0.7812500000,0.9615384615
malignant,0.6946647167,0.7500000000,0.9600000000
malignant,0.7984157801,0.7187500000,0.9583333333
malignant,0.8117496371,0.6875000000,0.9565217391
malignant,0.8537740707,0.6562500000,0.9545454545
malignant,0.9068171382,0.6562500000,1.0000000000
malignant,0.9092448950,0.6250000000,1.0000000000
malignant,0.9385255575,0.5937500000,1.0000000000
malignant,0.9475942850,0.5625000000,1.0000000000
malignant,0.9545532465,0.5312500000,1.0000000000
malignant,0.9696124792,0.5000000000,1.0000000000
malignant,0.9741218090,0.4687500000,1.0000000000
malignant,0.9824087024,0.4375000000,1.0000000000
malignant,0.9829332829,0.4062500000,1.0000000000
malignant,0.9851781726,0.3750000000,1.0000000000
malignant,0.9909075499,0.3437500000,1.0000000000
malignant,0.9924984574,0.3125000000,1.0000000000
malignant,0.9949566722,0.2812500000,1.0000000000
malignant,0.9950687885,0.2500000000,1.0000000000
malignant,0.9954159260,0.2187500000,1.0000000000
malignant,0.9963032007,0.1875000000,1.0000000000
malignant,0.9983261228,0.1562500000,1.0000000000
malignant,0.9989113808,0.1250000000,1.0000000000
malignant,0.9990481734,0.0937500000,1.0000000000
malignant,0.9991840720,0.0625000000,1.0000000000
malignant,0.9995635152,0.0312500000,1.0000000000
malignant,,0.0000000000,1.0000000000
normal,0.0000361562,1.0000000000,0.1694915254
normal,0.0000411654,1.0000000000,0.1709401709
normal,0.0000640262,1.0000000000,0.1724137931
normal,0.0000945805,1.0000000000,0.1739130435
normal,0.0001116506,1.0000000000,0.1754385965
normal,0.0001126546,1.0000000000,0.1769911504
normal,0.0001230106,1.0000000000,0.1785714286
normal,0.0001348821,1.0000000000,0.1801801802
normal,0.0001363599,1.0000000000,0.1818181818
normal,0.0001476725,1.0000000000,0.1834862385
normal,0.0001527570,1.0000000000,0.1851851852
normal,0.0001598517,1.0000000000,0.1869158879
normal,0.0001888891,1.0000000000,0.1886792453
normal,0.0001891224,1.0000000000,0.1904761905
normal,0.0001893364,1.0000000000,0.1923076923
normal,0.0001897043,1.0000000000,0.1941747573
normal,0.0001927509,1.0000000000,0.1960784314
normal,0.0002208654,1.0000000000,0.1980198020
normal,0.0002293974,1.0000000000,0.2000000000
normal,0.0002299980,1.0000000000,0.2020202020
normal,0.0002355440,1.0000000000,0.2040816327
normal,0.0002547488,1.0000000000,0.2061855670
normal,0.0002689084,1.0000000000,0.2083333333
normal,0.0002703673,1.0000000000,0.2105263158
normal,0.0002717035,1.0000000000,0.2127659574
normal,0.0002747733,1.0000000000,0.2150537634
normal,0.0002891881,1.0000000000,0.2173913043
normal,0.0002952974,1.0000000000,0.2197802198
normal,0.0002958420,1.0000000000,0.2222222222
normal,0.0002983680,1.0000000000,0.2247191011
normal,0.0003494281,1.0000000000,0.2272727273
normal,0.0003612983,1.0000000000,0.2298850575
normal,0.0003693611,1.0000000000,0.2325581395
normal,0.0003848536,1.0000000000,0.2352941176
normal,0.0004118123,1.0000000000,0.2380952381
normal,0.0004193857,1.0000000000,0.2409638554
normal,0.0004293637,1.0000000000,0.2439024390
normal,0.0004345691,1.0000000000,0.2469135802
normal,0.0004714270,1.0000000000,0.2500000000
normal,0.0004854393,1.0000000000,0.2531645570
normal,0.0005125127,1.0000000000,0.2564102564
normal,0.0005291151,1.0000000000,0.2597402597
normal,0.0005643253,1.0000000000,0.2631578947
normal,0.0005689311,1.0000000000,0.2666666667
normal,0.0005921194,1.0000000000,0.2702702703
normal,0.0005930637,1.0000000000,0.2739726027
normal,0.0006140539,1.0000000000,0.2777777778
normal,0.0006547403,1.0000000000,0.2816901408
normal,0.0007120841,1.0000000000,0.2857142857
normal,0.0007121593,1.0000000000,0.2898550725
normal,0.0007132283,1.0000000000,0.2941176471
normal,0.0007177854,1.0000000000,0.2985074627
normal,0.0007388297,1.0000000000,0.3030303030
normal,0.0007480152,1.0000000000,0.3076923077
normal,0.0007578219,1.0000000000,0.3125000000
normal,0.0007819196,1.0000000000,0.3174603175
normal,0.0008002087,1.0000000000,0.3225806452
normal,0.0008067666,1.0000000000,0.3278688525
normal,0.0008736101,1.0000000000,0.3333333333
normal,0.0008748063,1.0000000000,0.3389830508
normal,0.0008786247,1.0000000000,0.3448275862
normal,0.0009128058,1.0000000000,0.3508771930
normal,0.0009128840,1.0000000000,0.3571428571
normal,0.0009155254,1.0000000000,0.3636363636
normal,0.0009217567,1.0000000000,0.3703703704
normal,0.0009223168,1.0000000000,0.3773584906
normal,0.0009948260,1.0000000000,0.3846153846
normal,0.0010409005,1.0000000000,0.3921568627
normal,0.0010598390,1.0000000000,0.4000000000
normal,0.0010625629,1.0000000000,0.4081632653
normal,0.0010771105,1.0000000000,0.4166666667
normal,0.0010835741,1.0000000000,0.4255319149
normal,0.0012837241,1.0000000000,0.4347826087
normal,0.0013310586,1.0000000000,0.4444444444
normal,0.0013337707,1.0000000000,0.4545454545
normal,0.0013473611,1.0000000000,0.4651162791
normal,0.0013707008,1.0000000000,0.4761904762
normal,0.0013952303,1.0000000000,0.4878048780
normal,0.0013952459,1.0000000000,0.5000000000
normal,0.0014283296,1.0000000000,0.5128205128
normal,0.0014591254,1.0000000000,0.5263157895
normal,0.0015098248,1.0000000000,0.5405405405
normal,0.0016113464,1.0000000000,0.5555555556
normal,0.0016536320,1.0000000000,0.5714285714
normal,0.0016677968,1.0000000000,0.5882352941
normal,0.0017935964,1.0000000000,0.6060606061
normal,0.0020192349,1.0000000000,0.6250000000
normal,0.0021746587,1.0000000000,0.6451612903
normal,0.0023873937,1.0000000000,0.6666666667
normal,0.0026049260,1.0000000000,0.6896551724
normal,0.0027279479,1.0000000000,0.7142857143
normal,0.0034524743,1.0000000000,0.7407407407
normal,0.0035056144,1.0000000000,0.7692307692
normal,0.0043153171,1.0000000000,0.8000000000
normal,0.0044278968,1.0000000000,0.8333333333
normal,0.0087949559,1.0000000000,0.8695652174
normal,0.0092213275,1.0000000000,0.9090909091
normal,0.0161626618,1.0000000000,0.9523809524
normal,0.5061314702,1.0000000000,1.0000000000
normal,0.5090571642,0.9500000000,1.0000000000
normal,0.6226427555,0.9000000000,1.0000000000
normal,0.6379899979,0.8500000000,1.0000000000
normal,0.6789837480,0.8000000000,1.0000000000
normal,0.6899675727,0.7500000000,1.0000000000
normal,0.6910539865,0.7000000000,1.0000000000
normal,0.7837063074,0.6500000000,1.0000000000
normal,0.7967460752,0.6000000000,1.0000000000
normal,0.7997559309,0.5500000000,1.0000000000
normal,0.8447936177,0.5000000000,1.0000000000
normal,0.8465872407,0.4500000000,1.0000000000
normal,0.8582993746,0.4000000000,1.0000000000
normal,0.8657770157,0.3500000000,1.0000000000
normal,0.8684749007,0.3000000000,1.0000000000
normal,0.8693487644,0.2500000000,1.0000000000
normal,0.9105077386,0.2000000000,1.0000000000
normal,0.9340656400,0.1500000000,1.0000000000
normal,0.9613490701,0.1000000000,1.0000000000
normal,0.9766161442,0.0500000000,1.0000000000
normal,,0.0000000000,1.0000000000
